label,False,True,accuracy
0.0,4,31,0.8857142857142857
1.0,5,27,0.84375
