label,False,True,accuracy
0.0,2,33,0.9428571428571428
1.0,5,27,0.84375
