label,False,True,accuracy
0.0,3,32,0.9142857142857143
1.0,5,27,0.84375
