label,False,True,accuracy
0.0,5,30,0.8571428571428571
1.0,5,27,0.84375
