label,False,True,accuracy
0.0,6,29,0.8285714285714286
1.0,5,27,0.84375
